org,ID
Multiplier - Azul,G1
Sustainable Solano,G2
Communities for a Better Environment,G3
All Positives Possible,G4
Asian Pacific Environmental Network,G5
Latino Outdoors,G6
The Nature Conservancy,G7
The Sierra Club,G8
California Indian Environmental Alliance,G9
350 Contra Costa,G10
350 Sacramento,G11
Breathe Sacramento,G12
Catholic Charities - Diocese of Stockton,G13
Conway Homes Resident Council,G14
Gardenland Northgate Neighborhood Association,G15
Hood Community Council,G16
Little Manila Rising,G17
North Delta CARES Action Committee,G18
Reinvent South Stockton Coalition,G19
Restore the Delta,G20
Sacramento Regional Coalition to End Homelessness,G21
Safe Return Project,G22
San Joaquin Urban Native Council,G23
Save Mount Diablo,G24
Solano Dream Center,G25
Stockton Creative Community Healing Arts Initiative,G26
Todos Unidos Stockton,G27
Solano County Arts Council - Vallejo Artwalk,G28
Vallejo Project,G29
Vallejo Street Stewards,G30
Valley Vision,G31
Vessels of Vallejo,G32
California Environmental Justice Coalition,G33
Central Valley Air Quality Coalition,G34
Clean Water Action,G35
Capital Region Climate Readiness Collaborative,G36
ClimatePlan,G37
Coalition of Environmental Equity and Economics,G38
Contra Costa Climate Leaders,G39
Edge Collaborative,G40
Richmond Community Foundation Connects - Ensuring Opportunity,G41
Environmental Council of Sacramento,G42
Environmental Justice Coalition for Water,G43
Faith in the Valley,G44
Greenbelt Alliance,G45
Homeless Environmental Justice Alliance,G46
RISE Stockton Coalition,G47
Third City Coalition,G48
Beat the Streets,G49
Civic Thread,G50
Defenders of Wildlife,G51
Food is Free Bay Area,G52
GRID Alternatives,G53
Save the Bay,G54
Health Education Council,G55
Mobility Development Foundation,G56
Natural Resources Defense Council,G57
Oddfellows,G58
Public Health Advocates,G59
Resources for Independent Living,G60
Rising Sun Center for Opportunity,G61
School National Honor Society Club,G62
Sunrise Movement,G63
The Climate Center,G64
The Trust for Public Land,G65
United Latinos,G66
People's Action - Homes Guarantee,G67
The Organizing and Leadership Academy,G68
Richmond Community Foundation Connects - Mobility LABs,G69
La Familia Counseling Center,G70
Sacramento Native American Health Center,G71
Stockton Service Corps,G72
Reinvent Stockton Foundation,G73
San Joaquin County Community Foundation,G74
Tracy Earth Project,G75
Tracy Tree Foundation,G76
Tracy Nature Park Advocates Group,G77
Tracy African American Association,G78
Southside Community Organization,G79
Valley Improvement Projects,G80
California Health Collaborative,G81
Greenlining Institute,G82
American Rivers,G83
River Partners,G84
San Francisco Estuary Institute,G85
Black Urban Farmers Association,G86